{
  "patient_name": "Courtney Wilcox",
  "patient_first_name": "Courtney",
  "patient_middle_name": null,
  "patient_last_name": "Wilcox",
  "patient_address_name": null,
  "patient_id": null,
  "patient_dob": null,
  "patient_signature": "Courtney Wilcox",
  "patient_state": null,
  "patient_city": null,
  "patient_zip_code": null,
  "provider_name": "Dr. Steven Walker",
  "provider_address_name": "393 Davis Ways",
  "provider_phone": "406-647-6837",
  "provider_fax": "001-393-794-6287",
  "provider_state": "Massachusetts",
  "provider_city": "Rosalesborough",
  "provider_zip_code": null,
  "family_name": null,
  "family_relation": null,
  "family_phone": null,
  "family_address_name": null,
  "family_state": null,
  "family_city": null,
  "family_zip_code": null,
  "guardian_name": null,
  "guardian_signature": null,
  "guardian_relation": null,
  "date": "2025-10-27",
  "expiration_date": "2026-10-27",
  "expiration_event": null,
  "translator_name": null,
  "translator_signature": null
}