{
  "patient_name": "Omar Martin",
  "patient_first_name": "Omar",
  "patient_middle_name": null,
  "patient_last_name": "Martin",
  "patient_address_name": null,
  "patient_id": null,
  "patient_dob": null,
  "patient_signature": "Omar Martin",
  "patient_state": null,
  "patient_city": null,
  "patient_zip_code": null,
  "provider_name": "Dr. Clifford Hodge",
  "provider_address_name": "030 Robert Points",
  "provider_phone": "602.389.4387",
  "provider_fax": "3572356310",
  "provider_state": null,
  "provider_city": "Adamshire",
  "provider_zip_code": null,
  "family_name": null,
  "family_relation": null,
  "family_phone": null,
  "family_address_name": null,
  "family_state": "Virginia",
  "family_city": null,
  "family_zip_code": null,
  "guardian_name": null,
  "guardian_signature": null,
  "guardian_relation": null,
  "date": "2025-10-27",
  "expiration_date": "N/A",
  "expiration_event": null,
  "translator_name": null,
  "translator_signature": null
}