{
  "patient_name": "Taylor Brown",
  "patient_first_name": "Taylor",
  "patient_middle_name": null,
  "patient_last_name": "Brown",
  "patient_address_name": "74862 James Mission Suite 727",
  "patient_id": "MRN4728",
  "patient_dob": "1963-07-27",
  "patient_signature": "Taylor Brown",
  "patient_state": "South Dakota",
  "patient_city": "Mitchelltown",
  "patient_zip_code": null,
  "provider_name": "Dr. Jennifer Mosley",
  "provider_address_name": "91813 George Via Suite 652",
  "provider_phone": null,
  "provider_fax": null,
  "provider_state": "South Dakota",
  "provider_city": "New Samuel",
  "provider_zip_code": null,
  "family_name": "Victoria Brown",
  "family_relation": "Spouse",
  "family_phone": "611-890-2778",
  "family_address_name": "74862 James Mission Suite 727",
  "family_state": "South Dakota",
  "family_city": "Mitchelltown",
  "family_zip_code": null,
  "guardian_name": null,
  "guardian_signature": null,
  "guardian_relation": null,
  "date": "2025-10-27",
  "expiration_date": null,
  "expiration_event": "N/A",
  "translator_name": null,
  "translator_signature": null
}