{
  "patient_name": "Courtney Thomas",
  "patient_first_name": "Courtney",
  "patient_middle_name": null,
  "patient_last_name": "Thomas",
  "patient_address_name": "06773 Peter Bypass Apt. 616",
  "patient_id": "MRN7994",
  "patient_dob": "1954-10-01",
  "patient_signature": "Courtney Thomas",
  "patient_state": "Montana",
  "patient_city": "Leeland",
  "patient_zip_code": null,
  "provider_name": "Dr. Jonathan Poole",
  "provider_address_name": "48309 Courtney Manor Suite 204",
  "provider_phone": null,
  "provider_fax": null,
  "provider_state": "Montana",
  "provider_city": "Scottborough",
  "provider_zip_code": null,
  "family_name": "Debbie Thomas",
  "family_relation": "Parent",
  "family_phone": "342-285-5389",
  "family_address_name": "06773 Peter Bypass Apt. 616",
  "family_state": "Montana",
  "family_city": "Leeland",
  "family_zip_code": null,
  "guardian_name": null,
  "guardian_signature": null,
  "guardian_relation": null,
  "date": "2025-10-27",
  "expiration_date": "N/A",
  "expiration_event": "Patient revocation",
  "translator_name": "Chelsey Taylor",
  "translator_signature": "Chelsey Taylor"
}