{
  "patient_name": "Peter Wright",
  "patient_first_name": "Peter",
  "patient_middle_name": null,
  "patient_last_name": "Wright",
  "patient_address_name": null,
  "patient_id": null,
  "patient_dob": null,
  "patient_signature": "Peter Wright",
  "patient_state": null,
  "patient_city": null,
  "patient_zip_code": null,
  "provider_name": "Dr. Heather Wells",
  "provider_address_name": "87690 Garcia Haven Suite 298",
  "provider_phone": "466.398.0706",
  "provider_fax": "2932097073",
  "provider_state": "North Dakota",
  "provider_city": "East Lanceborough",
  "provider_zip_code": null,
  "family_name": null,
  "family_relation": null,
  "family_phone": null,
  "family_address_name": null,
  "family_state": null,
  "family_city": null,
  "family_zip_code": null,
  "guardian_name": null,
  "guardian_signature": null,
  "guardian_relation": null,
  "date": "2025-10-27",
  "expiration_date": "2026-10-27",
  "expiration_event": null,
  "translator_name": null,
  "translator_signature": null
}