{
  "patient_name": "Justin Parker",
  "patient_first_name": "Justin",
  "patient_middle_name": null,
  "patient_last_name": "Parker",
  "patient_address_name": null,
  "patient_id": null,
  "patient_dob": null,
  "patient_signature": "Justin Parker",
  "patient_state": null,
  "patient_city": null,
  "patient_zip_code": null,
  "provider_name": "Dr. Susan Rosales",
  "provider_address_name": "65372 Hampton Islands",
  "provider_phone": "+1-998-268-7961",
  "provider_fax": "001-885-272-8646",
  "provider_state": "Texas",
  "provider_city": "Lake Josephfurt",
  "provider_zip_code": null,
  "family_name": null,
  "family_relation": null,
  "family_phone": null,
  "family_address_name": null,
  "family_state": null,
  "family_city": null,
  "family_zip_code": null,
  "guardian_name": null,
  "guardian_signature": null,
  "guardian_relation": null,
  "date": "2025-10-27",
  "expiration_date": "2026-10-27",
  "expiration_event": null,
  "translator_name": null,
  "translator_signature": null
}