{
  "patient_name": "Mark Novak",
  "patient_first_name": "Mark",
  "patient_middle_name": null,
  "patient_last_name": "Novak",
  "patient_address_name": "3249 Justin Land Suite 576",
  "patient_id": "MRN87526",
  "patient_dob": "1988-06-17",
  "patient_signature": "Mark Novak",
  "patient_state": "Washington",
  "patient_city": "Rebeccaborough",
  "patient_zip_code": null,
  "provider_name": "Dr. Vanessa Santos",
  "provider_address_name": "184 Mayo Ville Suite 965",
  "provider_phone": null,
  "provider_fax": null,
  "provider_state": "Washington",
  "provider_city": "Michaelhaven",
  "provider_zip_code": null,
  "family_name": "Nathan Novak",
  "family_relation": "Parent",
  "family_phone": "+1-279-726-8192",
  "family_address_name": "3249 Justin Land Suite 576",
  "family_state": "Washington",
  "family_city": "Rebeccaborough",
  "family_zip_code": null,
  "guardian_name": null,
  "guardian_signature": null,
  "guardian_relation": null,
  "date": "2025-10-27",
  "expiration_date": "2026-10-27",
  "expiration_event": "End of treatment",
  "translator_name": "Sara Romero",
  "translator_signature": "Sara Romero"
}