{
  "patient_name": "Justin Hale",
  "patient_first_name": "Justin",
  "patient_middle_name": null,
  "patient_last_name": "Hale",
  "patient_address_name": null,
  "patient_id": null,
  "patient_dob": null,
  "patient_signature": "Justin Hale",
  "patient_state": null,
  "patient_city": null,
  "patient_zip_code": null,
  "provider_name": "Dr. Sarah Owens",
  "provider_address_name": "109 Hill Knolls Apt. 228",
  "provider_phone": "673-339-1571",
  "provider_fax": "+1-609-555-7820",
  "provider_state": "Arizona",
  "provider_city": "West Brianmouth",
  "provider_zip_code": null,
  "family_name": null,
  "family_relation": null,
  "family_phone": null,
  "family_address_name": null,
  "family_state": null,
  "family_city": null,
  "family_zip_code": null,
  "guardian_name": null,
  "guardian_signature": null,
  "guardian_relation": null,
  "date": "2025-10-27",
  "expiration_date": "N/A",
  "expiration_event": null,
  "translator_name": null,
  "translator_signature": null
}